{
  "stages": {
    "阶段一: 数据预处理": 3.7233471870422363,
    "阶段二: STA": 1.3634169101715088,
    "阶段三: STC": 132.88082909584045,
    "阶段四: MNE": 73.43777894973755,
    "阶段五: GLM": 3.3671579360961914,
    "阶段六: 预测验证": 0.31598901748657227,
    "阶段七: 图表生成": 2.1508591175079346
  },
  "total": 217.23943400382996,
  "timestamp": "2026-05-04T03:16:08.663844",
  "mps_available": true
}